-- 2025년 12월 2주차 테스트 데이터

INSERT INTO users (user_id, password, name, organization, birth_date, phone, email) VALUES
('admin', '1234', '운영자', '선문대', '2000-01-01', '01011112222', 'test@sunmoon.ac.kr'),
('hong1443', '1q2w3e4r!', '홍길동', '컴퓨터공학', '2003-03-15', '01022223333', 'hong1443@naver.com'),
('lee1545', 'admiral!@#', '이순신', '컴퓨터공학', '2003-07-28', '01033334444', 'lee1545@gmail.com'),
('kang948', 'goryeolove!!', '강감찬', '컴퓨터공학', '2003-10-09', '01044445555', 'kang948@daum.net'),
('ryu1902', 'remember1919@', '유관순', '데이터공학', '2003-12-04', '01055556666', 'ryu1902@hanmail.net'),
('sejong1397', 'hangul1443', '이도', '데이터공학', '2003-01-19', '01066667777', 'sejong1397@yahoo.com'),
('kim1876', 'daehan$$', '김구', '데이터공학', '2003-08-21', '01077778888', 'kim1876@nate.com');

INSERT INTO user_groups (group_id, group_name, invite_code) VALUES
('javaproject8', '자바프로젝트 8팀', 'L9T5Z4'),
('group123', '파이썬비교과', 'A2P0R7'),
('study2025', '스터디그룹', 'W1K6M3');

INSERT INTO group_members (user_id, group_id, is_admin, task) VALUES
('hong1443', 'javaproject8', 'Y', '프로젝트의 목표 정의, 사용자 요구사항 수집 및 분석, 상세 기능 명세서 작성.'),
('lee1545', 'javaproject8', 'N', '시스템 아키텍처 및 데이터베이스 설계, 핵심 기능 구현, 모듈별 코딩 및 통합 작업.'),
('kang948', 'javaproject8', 'N', '개발된 기능에 대한 단위 및 통합 테스트 수행, 버그 수정 및 품질 확보.'),
('ryu1902', 'javaproject8', 'N', '시스템 안정화 및 모니터링, 사용자 피드백 반영 및 유지보수 계획 수립.'),
('admin', 'study2025', 'Y', '스터디 총괄'),
('hong1443', 'study2025', 'N', '스윙 및 이벤트 처리 공부'),
('sejong1397', 'study2025', 'N', '데이터베이스, JDBC 공부'),
('hong1443', 'group123', 'Y', '알고리즘 공부 중'),
('lee1545', 'group123', 'N', '기본 문법부터 차근차근'),
('sejong1397', 'group123', 'N', '데이터분석 라이브러리 공부 중'),
('kim1876', 'group123', 'N', '초보 웹 개발자입니다');

INSERT INTO memos (group_id, writer_id, content, created_at) VALUES
('javaproject8', 'hong1443', '최종 요구사항 명세서 v2.0 업데이트 완료. 교수님 피드백 반영해서 결제 모듈 로직 수정했으니 팀원분들 꼭 확인 부탁드립니다.', '2025-11-17 10:00:00'),
('javaproject8', 'lee1545', 'DB 스키마 긴급 변경: `users` 테이블에 `organization` 컬럼 길이 varchar(50)으로 늘리고, `last_login` 컬럼 추가했습니다. DAO 코드 수정 필요합니다.', '2025-11-18 14:30:00'),
('javaproject8', 'kang948', '버그 리포트: 회원가입 시 비밀번호 특수문자(!@#) 입력하면 유효성 검사 통과 못 하는 문제 발견했습니다. 정규식 수정이 필요해 보입니다. 이슈 #45 등록 완료.', '2025-11-20 11:20:00'),
('javaproject8', 'ryu1902', '서버 공지: AWS EC2 프리티어 메모리 부족으로 톰캣이 자꾸 죽네요. 스왑 메모리 설정해서 재기동했습니다. 접속 안 되면 톡 주세요.', '2025-11-22 09:15:00'),
('javaproject8', 'hong1443', '긴급 공지: 다음 주 월요일 최종 시연 리허설 일정이 2시로 확정되었습니다. 주말 동안 핵심 기능 100% 완료 목표로 달려봅시다!', '2025-11-28 09:30:00'),
('javaproject8', 'lee1545', 'Git Conflict 해결 요청: `UserService.java` 파일에서 저랑 관순님 커밋이 충돌 납니다. 로직이 겹치는 것 같은데 머지하기 전에 같이 확인하시죠.', '2025-11-29 11:45:00'),
('javaproject8', 'kang948', 'UI/UX 피드백: 메인 화면 로그인 버튼이 해상도 1024px 이하 태블릿 환경에서 레이아웃이 깨지는 현상 발견했습니다. 스크린샷 첨부합니다.', '2025-12-01 14:20:00'),
('javaproject8', 'ryu1902', '배포 완료: v1.0.2 패치 서버에 반영했습니다. DB 한글 깨짐 현상(`????`로 나오는 문제) utf8mb4 설정으로 해결되었습니다.', '2025-12-03 10:00:00'),
('javaproject8', 'lee1545', '문서 업데이트: Swagger API 문서 최신화했습니다(v3.1). 프론트엔드 연동하실 때 Response Body 구조 바뀐 것 주의해서 작업해주세요.', '2025-12-05 16:50:00'),
('study2025', 'admin', '11월 3주차 정기 스터디 장소 예약: 도서관 3층 세미나실 B입니다. 이번 주제는 "트랜잭션 격리 수준(Isolation Level)"입니다. 2시까지 늦지 마세요!', '2025-11-19 09:00:00'),
('study2025', 'sejong1397', '질문: JDBC `PreparedStatement` 사용 중인데 `ParameterIndexOutOfRange` 에러가 계속 뜹니다.. ? 개수랑 파라미터 세팅 개수 맞는데 왜 그럴까요? ㅠㅠ', '2025-11-21 20:45:00'),
('study2025', 'hong1443', 'Swing 질문: `JButton`에 `ActionListener` 달았는데 클릭해도 콘솔에 로그가 안 찍히네요.. 익명 클래스 내부에서 변수 참조 문제일까요?', '2025-11-25 21:30:00'),
('study2025', 'sejong1397', '자료 공유: 정규화 공부하다가 3정규형(3NF)이랑 BCNF 차이점 깔끔하게 정리된 블로그 글 찾아서 공유합니다. 기말고사에 나올 것 같아요.', '2025-11-27 23:10:00'),
('study2025', 'admin', '공지: 다들 기말고사 기간이라 바쁘시죠? 이번 주는 오프라인 모임 쉬어가고, 각자 공부한 내용 깃허브 이슈에 정리해서 올리는 걸로 대체하겠습니다.', '2025-12-02 09:00:00'),
('group123', 'hong1443', '이번 주 공통 과제: 백준 "삼성 SW 역량 테스트 기출" 중 구슬 탈출 2 문제입니다. 골드 1 난이도라 좀 어려우니 파이썬으로 천천히 풀어보세요.', '2025-11-18 18:00:00'),
('group123', 'sejong1397', '정보: Pandas 라이브러리 2.0 버전 업데이트 후 `append` 메서드가 삭제되었다고 하네요. `pd.concat` 써야 합니다. 예제 코드 requirements.txt 참고하세요.', '2025-11-23 15:30:00'),
('group123', 'kim1876', '성공!!: 드디어 Flask 서버 로컬(127.0.0.1)에서 띄우기 성공했습니다. 포트 5000번 충돌 문제였네요. 이제 페이지 라우팅 공부 들어갑니다.', '2025-11-24 22:10:00'),
('group123', 'sejong1397', '팁: Matplotlib에서 한글 폰트 설정 안 하면 네모(□□)로 깨지는 현상, `rc` 설정으로 해결했습니다. 필요하신 분 코드 복사해 가세요.', '2025-11-26 15:40:00'),
('group123', 'lee1545', '문법 질문: 파이썬 리스트 컴프리헨션에서 `[x if x%2==0 else 0 for x in range(10)]` 이렇게 if-else 쓸 때랑 뒤에 if만 쓸 때랑 순서가 헷갈리네요.', '2025-11-30 20:15:00'),
('group123', 'kim1876', '에러 질문: HTML Form 태그에서 `POST`로 데이터 보냈는데 Flask 서버에서 `405 Method Not Allowed` 에러가 뜹니다 ㅠㅠ 데코레이터 설정 문제일까요?', '2025-12-04 22:50:00'),
('group123', 'hong1443', '꿀팁 공유: 파이썬 `input()` 대신 `sys.stdin.readline()` 쓰니까 시간 초과 나는 문제 바로 통과되네요. 입출력 많은 문제에서 필수입니다!', '2025-12-06 11:20:00');

INSERT INTO schedules (writer_id, group_id, schedule_description, schedule_type, start_at, end_at) VALUES
-- 개인 일정
('hong1443', NULL, '인성채플', '수업', '2025-12-08 11:30:00', '2025-12-08 12:30:00'),
('hong1443', NULL, '데이터분석', '수업', '2025-12-08 12:30:00', '2025-12-08 14:30:00'),
('hong1443', NULL, '데이터베이스', '수업', '2025-12-08 14:30:00', '2025-12-08 15:30:00'),
('hong1443', NULL, '자바응용', '수업', '2025-12-08 15:30:00', '2025-12-08 18:30:00'),
('hong1443', NULL, '소프트웨어공학', '수업', '2025-12-09 09:30:00', '2025-12-09 11:30:00'),
('hong1443', NULL, '자바프로젝트', '수업', '2025-12-09 12:30:00', '2025-12-09 14:30:00'),
('hong1443', NULL, '알고리즘', '수업', '2025-12-09 14:30:00', '2025-12-09 15:30:00'),
('hong1443', NULL, '데이터분석', '수업', '2025-12-10 14:30:00', '2025-12-10 15:30:00'),
('hong1443', NULL, '데이터베이스', '수업', '2025-12-10 15:30:00', '2025-12-10 17:30:00'),
('hong1443', NULL, '소프트웨어공학', '수업', '2025-12-11 11:30:00', '2025-12-11 12:30:00'),
('hong1443', NULL, '알고리즘', '수업', '2025-12-11 12:30:00', '2025-12-11 14:30:00'),
('hong1443', NULL, '자바프로젝트', '수업', '2025-12-11 14:30:00', '2025-12-11 15:30:00'),
('hong1443', NULL, '컴퓨터구조', '수업', '2025-12-11 15:30:00', '2025-12-11 16:30:00'),
('lee1545', NULL, '소프트웨어공학', '수업', '2025-12-08 12:30:00', '2025-12-08 14:30:00'),
('lee1545', NULL, '데이터베이스', '수업', '2025-12-08 14:30:00', '2025-12-08 15:30:00'),
('lee1545', NULL, '자바응용', '수업', '2025-12-08 15:30:00', '2025-12-08 18:30:00'),
('lee1545', NULL, '자바프로젝트', '수업', '2025-12-09 12:30:00', '2025-12-09 14:30:00'),
('lee1545', NULL, '알고리즘', '수업', '2025-12-09 14:30:00', '2025-12-09 15:30:00'),
('lee1545', NULL, '인성채플', '수업', '2025-12-10 11:30:00', '2025-12-10 12:30:00'),
('lee1545', NULL, '소프트웨어공학', '수업', '2025-12-10 14:30:00', '2025-12-10 15:30:00'),
('lee1545', NULL, '데이터베이스', '수업', '2025-12-10 15:30:00', '2025-12-10 17:30:00'),
('lee1545', NULL, '알고리즘', '수업', '2025-12-11 12:30:00', '2025-12-11 14:30:00'),
('lee1545', NULL, '자바프로젝트', '수업', '2025-12-11 14:30:00', '2025-12-11 15:30:00'),
('lee1545', NULL, '컴퓨터구조', '수업', '2025-12-11 15:30:00', '2025-12-11 16:30:00'),
('sejong1397', NULL, '사이버보안개론', '수업', '2025-12-08 12:30:00', '2025-12-08 14:30:00'),
('sejong1397', NULL, '데이터베이스', '수업', '2025-12-08 14:30:00', '2025-12-08 15:30:00'),
('sejong1397', NULL, '자바응용', '수업', '2025-12-08 15:30:00', '2025-12-08 18:30:00'),
('sejong1397', NULL, '사이버보안개론', '수업', '2025-12-10 14:30:00', '2025-12-10 15:30:00'),
('sejong1397', NULL, '데이터베이스', '수업', '2025-12-10 15:30:00', '2025-12-10 17:30:00'),
('sejong1397', NULL, '인성채플', '수업', '2025-12-11 11:30:00', '2025-12-11 12:30:00'),
('sejong1397', NULL, '알고리즘', '수업', '2025-12-11 12:30:00', '2025-12-11 15:30:00'),
('sejong1397', NULL, '컴퓨터구조', '수업', '2025-12-11 15:30:00', '2025-12-11 16:30:00'),
('sejong1397', NULL, '자바프로젝트', '수업', '2025-12-12 09:30:00', '2025-12-12 12:30:00'),
('kang948', NULL, '운영체제', '수업', '2025-12-08 09:30:00', '2025-12-08 11:30:00'),
('kang948', NULL, '웹프로그래밍', '수업', '2025-12-08 13:30:00', '2025-12-08 15:30:00'),
('kang948', NULL, '운영체제', '수업', '2025-12-10 09:30:00', '2025-12-10 10:30:00'),
('kang948', NULL, '컴퓨터네트워크', '수업', '2025-12-10 13:30:00', '2025-12-10 15:30:00'),
('kang948', NULL, '웹프로그래밍', '수업', '2025-12-11 10:30:00', '2025-12-11 12:30:00'),
('kang948', NULL, '인성채플', '수업', '2025-12-12 11:30:00', '2025-12-12 12:30:00'),
('ryu1902', NULL, '인공지능개론', '수업', '2025-12-08 10:30:00', '2025-12-08 12:30:00'),
('ryu1902', NULL, '자료구조', '수업', '2025-12-08 14:30:00', '2025-12-08 16:30:00'),
('ryu1902', NULL, '인공지능개론', '수업', '2025-12-10 10:30:00', '2025-12-10 11:30:00'),
('ryu1902', NULL, '모바일앱개발', '수업', '2025-12-10 13:30:00', '2025-12-10 16:30:00'),
('ryu1902', NULL, '자료구조', '수업', '2025-12-12 14:30:00', '2025-12-12 15:30:00'),
('kim1876', NULL, '리눅스시스템', '수업', '2025-12-09 09:30:00', '2025-12-09 12:30:00'),
('kim1876', NULL, '정보보안개론', '수업', '2025-12-09 14:30:00', '2025-12-09 16:30:00'),
('kim1876', NULL, '클라우드컴퓨팅', '수업', '2025-12-11 09:30:00', '2025-12-11 12:30:00'),
('kim1876', NULL, '정보보안개론', '수업', '2025-12-11 14:30:00', '2025-12-11 15:30:00'),
('hong1443', NULL, '카페 마감 아르바이트', '아르바이트', '2025-12-08 19:00:00', '2025-12-08 23:00:00'),
('hong1443', NULL, '카페 마감 아르바이트', '아르바이트', '2025-12-10 19:00:00', '2025-12-10 23:00:00'),
('hong1443', NULL, '사촌 형 결혼식', '약속', '2025-12-13 12:00:00', '2025-12-13 14:30:00'),
('lee1545', NULL, 'PT 헬스장 운동', '운동', '2025-12-09 19:00:00', '2025-12-09 21:00:00'),
('lee1545', NULL, 'PT 헬스장 운동', '운동', '2025-12-11 19:00:00', '2025-12-11 21:00:00'),
('lee1545', NULL, '가족 저녁 외식', '가족', '2025-12-14 18:00:00', '2025-12-14 20:00:00'),
('kang948', NULL, '호프집 아르바이트', '아르바이트', '2025-12-09 18:00:00', '2025-12-09 23:00:00'),
('kang948', NULL, '호프집 아르바이트', '아르바이트', '2025-12-11 18:00:00', '2025-12-11 23:00:00'),
('kang948', NULL, '영화 관람 데이트', '약속', '2025-12-13 15:00:00', '2025-12-13 19:00:00'),
('ryu1902', NULL, '도서관 독서 모임', '동아리', '2025-12-12 19:00:00', '2025-12-12 21:00:00'),
('ryu1902', NULL, '유기견 보호소 봉사활동', '봉사', '2025-12-13 09:00:00', '2025-12-13 13:00:00'),
('sejong1397', NULL, '치과 정기 검진', '병원', '2025-12-12 16:00:00', '2025-12-12 17:00:00'),
('sejong1397', NULL, '대형 서점 방문 및 자료 조사', '개인', '2025-12-14 14:00:00', '2025-12-14 17:00:00'),
('kim1876', NULL, '학과 동기 저녁 모임', '약속', '2025-12-10 18:30:00', '2025-12-10 22:00:00'),
('kim1876', NULL, '북한산 등산', '운동', '2025-12-13 08:00:00', '2025-12-13 14:00:00');
-- 그룹 일정
('hong1443', 'javaproject8', '최종 발표 자료 검토 및 리허설', 'MEETING', '2025-12-09 16:00:00', '2025-12-09 17:30:00'),
('admin', 'study2025', '기말고사 대비 CS 지식 공유 스터디', 'STUDY', '2025-12-11 19:00:00', '2025-12-11 21:00:00'),
('hong1443', 'group123', '파이썬 데이터 시각화 실습 (Matplotlib)', 'STUDY', '2025-12-12 13:00:00', '2025-12-12 15:00:00'),
('hong1443', 'javaproject8', '최종 보고서 작성 및 제출 마무리', 'MEETING', '2025-12-14 14:00:00', '2025-12-14 16:00:00');